{
    "providers": [
        {
            "type": "bitmap",
            "file": "minecraft:smp/NoobTrieu.png",
            "ascent": 7,
            "height": 8,
            "chars": ["⽐"]
        },
        {
            "type": "bitmap",
            "file": "minecraft:smp/TanH742.png",
            "ascent": 7,
            "height": 8,
            "chars": ["⼐"]
        },
        {
            "type": "bitmap",
            "file": "minecraft:smp/Dogecoinpro1234.png",
            "ascent": 7,
            "height": 8,
            "chars": ["⽟"]
        },
        {
            "type": "bitmap",
            "file": "minecraft:smp/space.png",
            "ascent": 7,
            "height": 8,
            "chars": ["⻅"]
        },
        {
            "type": "bitmap",
            "file": "minecraft:smp/logo_anim_1.png",
            "ascent": 24,
            "height": 48,
            "chars": [""]
        },
        {
            "type": "bitmap",
            "file": "minecraft:smp/logo_anim_2.png",
            "ascent": 24,
            "height": 48,
            "chars": [""]
        },
        {
            "type": "bitmap",
            "file": "minecraft:smp/logo_anim_3.png",
            "ascent": 24,
            "height": 48,
            "chars": [""]
        },
        {
            "type": "bitmap",
            "file": "minecraft:smp/logo_anim_4.png",
            "ascent": 24,
            "height": 48,
            "chars": [""]
        },
        {
            "type": "bitmap",
            "file": "minecraft:smp/logo_anim_5.png",
            "ascent": 24,
            "height": 48,
            "chars": [""]
        },
        {
            "type": "bitmap",
            "file": "minecraft:smp/logo_anim_6.png",
            "ascent": 24,
            "height": 48,
            "chars": [""]
        },
        {
            "type": "bitmap",
            "file": "minecraft:smp/logo_anim_7.png",
            "ascent": 24,
            "height": 48,
            "chars": [""]
        },
        {
            "type": "bitmap",
            "file": "minecraft:smp/logo_anim_8.png",
            "ascent": 24,
            "height": 48,
            "chars": [""]
        },
        {
            "type": "bitmap",
            "file": "minecraft:smp/logo_anim_9.png",
            "ascent": 24,
            "height": 48,
            "chars": ["⿂"]
        },
        {
            "type": "bitmap",
            "file": "minecraft:smp/logo_anim_10.png",
            "ascent": 24,
            "height": 48,
            "chars": ["⾕"]
        },
        {
            "type": "bitmap",
            "file": "minecraft:smp/logo_anim_11.png",
            "ascent": 24,
            "height": 48,
            "chars": ["⽉"]
        },
        {
            "type": "bitmap",
            "file": "minecraft:smp/logo_anim_12.png",
            "ascent": 24,
            "height": 48,
            "chars": ["⻉"]
        },
        {
            "type": "bitmap",
            "file": "minecraft:smp/logo_anim_13.png",
            "ascent": 24,
            "height": 48,
            "chars": ["⾤"]
        },
        {
            "type": "bitmap",
            "file": "minecraft:smp/logo_anim_14.png",
            "ascent": 24,
            "height": 48,
            "chars": ["山"]
        },
        {
            "type": "bitmap",
            "file": "minecraft:smp/logo_anim_15.png",
            "ascent": 24,
            "height": 48,
            "chars": ["水"]
        },
        {
            "type": "bitmap",
            "file": "minecraft:smp/logo_anim_16.png",
            "ascent": 24,
            "height": 48,
            "chars": ["火"]
        },
        {
            "type": "bitmap",
            "file": "minecraft:smp/logo_anim_17.png",
            "ascent": 24,
            "height": 48,
            "chars": ["风"]
        },
        {
            "type": "bitmap",
            "file": "minecraft:smp/logo_anim_18.png",
            "ascent": 24,
            "height": 48,
            "chars": ["日"]
        },
        {
            "type": "bitmap",
            "file": "minecraft:smp/logo_anim_19.png",
            "ascent": 24,
            "height": 48,
            "chars": ["星"]
        },
        {
            "type": "bitmap",
            "file": "minecraft:smp/logo_anim_20.png",
            "ascent": 24,
            "height": 48,
            "chars": ["花"]
        },
        {
            "type": "bitmap",
            "file": "minecraft:smp/logo_anim_21.png",
            "ascent": 24,
            "height": 48,
            "chars": ["龙"]
        },
        {
            "type": "bitmap",
            "file": "minecraft:smp/logo_anim_22.png",
            "ascent": 24,
            "height": 48,
            "chars": ["马"]
        },
        {
            "type": "bitmap",
            "file": "minecraft:smp/logo_anim_23.png",
            "ascent": 24,
            "height": 48,
            "chars": ["石"]
        },
        {
            "type": "bitmap",
            "file": "minecraft:smp/logo_anim_24.png",
            "ascent": 24,
            "height": 48,
            "chars": ["云"]
        }
    ]
}